{
  "mode": "alt",
  "cycles": 6,
  "outdir": "outputs/alt_cpu_v1_3split_check",
  "best_cycle": 6,
  "best_val_mse": 0.34263524413108826,
  "final_test_mse": 0.3524012267589569
}